{
  "numbers": [
    54,
    14,
    12,
    13,
    60,
    28,
    31,
    33,
    39,
    44,
    62,
    43,
    50,
    61,
    6,
    1,
    29,
    21,
    26,
    5,
    4,
    53,
    49,
    40,
    30,
    52,
    38,
    37,
    35,
    8,
    47,
    18,
    2,
    20,
    36,
    3,
    25,
    7,
    23,
    11,
    27,
    55,
    58,
    22,
    64,
    68,
    48,
    56,
    59,
    19,
    41,
    16,
    66,
    67,
    51,
    63,
    69,
    57,
    10,
    70,
    24,
    45,
    9,
    65,
    46,
    15,
    42,
    17,
    32,
    34
  ],
  "scratched": [
    null,
    null,
    null,
    null,
    null,
    null,
    null,
    null,
    null,
    null,
    null,
    null,
    null,
    61,
    null,
    null,
    null,
    null,
    null,
    null,
    null,
    null,
    null,
    null,
    null,
    null,
    null,
    null,
    null,
    null,
    null,
    null,
    null,
    20,
    null,
    null,
    null,
    null,
    null,
    null,
    null,
    null,
    null,
    null,
    null,
    null,
    null,
    null,
    null,
    null,
    null,
    null,
    null,
    null,
    null,
    null,
    null,
    null,
    null,
    null,
    null,
    null,
    null,
    null,
    null,
    null,
    null,
    null,
    null,
    null
  ],
  "config": {
    "gridSize": 70,
    "winNumbers": [
      7,
      17,
      27,
      37,
      47,
      57,
      67
    ],
    "progressThresholds": {
      "7": 45,
      "17": 0,
      "27": 30,
      "37": 40,
      "47": 0,
      "57": 0,
      "67": 0
    },
    "managerPassword": "112"
  }
}