{
  "numbers": [
    50,
    68,
    13,
    45,
    7,
    79,
    33,
    37,
    4,
    48,
    34,
    55,
    14,
    46,
    59,
    75,
    62,
    61,
    12,
    49,
    16,
    35,
    18,
    44,
    56,
    9,
    5,
    58,
    43,
    15,
    67,
    20,
    41,
    71,
    21,
    17,
    27,
    70,
    76,
    3,
    73,
    29,
    78,
    32,
    42,
    2,
    11,
    10,
    6,
    47,
    72,
    38,
    66,
    36,
    8,
    22,
    65,
    51,
    28,
    80,
    30,
    25,
    69,
    60,
    24,
    39,
    54,
    52,
    26,
    57,
    63,
    77,
    1,
    40,
    23,
    31,
    19,
    64,
    53,
    74
  ],
  "scratched": [
    null,
    null,
    null,
    null,
    7,
    null,
    33,
    null,
    null,
    null,
    null,
    null,
    null,
    null,
    59,
    null,
    null,
    null,
    null,
    null,
    null,
    null,
    null,
    null,
    56,
    null,
    null,
    null,
    null,
    null,
    null,
    null,
    null,
    null,
    21,
    null,
    null,
    null,
    76,
    null,
    null,
    null,
    null,
    null,
    null,
    null,
    null,
    null,
    null,
    47,
    72,
    38,
    null,
    null,
    null,
    null,
    null,
    51,
    null,
    null,
    30,
    null,
    null,
    null,
    null,
    null,
    null,
    null,
    null,
    null,
    null,
    null,
    null,
    null,
    null,
    null,
    null,
    null,
    null,
    null
  ],
  "config": {
    "gridSize": 80,
    "winNumbers": [
      9,
      19,
      29,
      39,
      49,
      59,
      69,
      79
    ],
    "progressThresholds": {
      "9": 50,
      "19": 0,
      "29": 60,
      "39": 0,
      "49": 0,
      "59": 0,
      "69": 40,
      "79": 65
    },
    "managerPassword": "112"
  }
}