{
  "numbers": [
    64,
    59,
    108,
    26,
    109,
    39,
    79,
    19,
    99,
    116,
    66,
    63,
    5,
    10,
    97,
    114,
    74,
    16,
    75,
    1,
    11,
    21,
    70,
    120,
    119,
    29,
    36,
    80,
    22,
    71,
    55,
    57,
    76,
    65,
    51,
    41,
    98,
    37,
    20,
    56,
    45,
    111,
    103,
    77,
    78,
    93,
    84,
    73,
    61,
    60,
    6,
    95,
    28,
    13,
    86,
    115,
    67,
    89,
    15,
    101,
    102,
    58,
    43,
    18,
    8,
    33,
    118,
    85,
    25,
    40,
    50,
    27,
    117,
    52,
    104,
    9,
    100,
    81,
    106,
    112,
    54,
    90,
    48,
    12,
    69,
    47,
    92,
    82,
    14,
    72,
    44,
    113,
    23,
    110,
    46,
    49,
    87,
    7,
    4,
    62,
    34,
    107,
    17,
    83,
    31,
    53,
    3,
    96,
    38,
    2,
    42,
    88,
    105,
    68,
    94,
    35,
    30,
    91,
    32,
    24
  ],
  "scratched": [
    64,
    59,
    null,
    null,
    null,
    null,
    null,
    null,
    null,
    null,
    null,
    null,
    null,
    null,
    null,
    null,
    null,
    null,
    null,
    null,
    null,
    null,
    null,
    null,
    null,
    null,
    null,
    80,
    null,
    null,
    null,
    null,
    null,
    null,
    null,
    null,
    98,
    null,
    null,
    null,
    null,
    null,
    null,
    null,
    null,
    null,
    null,
    null,
    null,
    null,
    null,
    null,
    null,
    null,
    null,
    null,
    null,
    null,
    null,
    null,
    null,
    null,
    null,
    18,
    null,
    null,
    null,
    null,
    null,
    null,
    null,
    null,
    null,
    null,
    null,
    null,
    null,
    null,
    null,
    null,
    null,
    null,
    null,
    null,
    null,
    null,
    null,
    null,
    null,
    null,
    null,
    null,
    null,
    null,
    null,
    null,
    null,
    null,
    null,
    null,
    null,
    null,
    null,
    null,
    null,
    null,
    null,
    null,
    null,
    null,
    null,
    null,
    null,
    null,
    null,
    null,
    null,
    null,
    null,
    null
  ],
  "config": {
    "gridSize": 120,
    "winNumbers": [
      86,
      27
    ],
    "progressThresholds": {
      "27": 40,
      "86": 110
    },
    "managerPassword": "112"
  }
}