{
  "numbers": [
    56,
    19,
    7,
    42,
    57,
    13,
    25,
    12,
    35,
    4,
    44,
    1,
    10,
    34,
    39,
    43,
    30,
    59,
    20,
    5,
    55,
    54,
    11,
    26,
    52,
    29,
    15,
    36,
    2,
    49,
    37,
    9,
    3,
    31,
    50,
    16,
    23,
    51,
    58,
    33,
    45,
    24,
    27,
    53,
    17,
    46,
    18,
    8,
    6,
    28,
    38,
    48,
    40,
    47,
    60,
    41,
    22,
    14,
    21,
    32
  ],
  "scratched": [
    null,
    null,
    null,
    null,
    null,
    13,
    null,
    null,
    null,
    null,
    null,
    null,
    10,
    34,
    null,
    null,
    null,
    null,
    null,
    null,
    null,
    null,
    null,
    26,
    null,
    null,
    null,
    36,
    null,
    null,
    null,
    null,
    null,
    null,
    null,
    null,
    null,
    null,
    58,
    null,
    null,
    null,
    null,
    null,
    null,
    null,
    18,
    null,
    6,
    null,
    null,
    null,
    null,
    47,
    null,
    null,
    null,
    null,
    null,
    null
  ],
  "config": {
    "gridSize": 60,
    "winNumbers": [
      3,
      19,
      39
    ],
    "progressThresholds": {
      "3": 20,
      "19": 20,
      "39": 20
    },
    "managerPassword": "8888"
  }
}