{
  "numbers": [
    27,
    11,
    23,
    7,
    31,
    18,
    28,
    33,
    9,
    17,
    5,
    13,
    36,
    22,
    2,
    16,
    8,
    21,
    35,
    32,
    12,
    20,
    10,
    15,
    3,
    4,
    29,
    25,
    1,
    30,
    26,
    14,
    19,
    6,
    34,
    24
  ],
  "scratched": [
    27,
    null,
    null,
    null,
    null,
    null,
    null,
    null,
    null,
    null,
    null,
    null,
    null,
    null,
    null,
    null,
    8,
    null,
    null,
    null,
    null,
    null,
    null,
    null,
    null,
    null,
    29,
    null,
    null,
    null,
    null,
    null,
    null,
    null,
    null,
    null
  ],
  "config": {
    "gridSize": 36,
    "winNumbers": [
      11,
      27
    ],
    "progressThresholds": {
      "11": 30,
      "27": 0
    },
    "managerPassword": "112"
  }
}